<template format="4"
        revision="1"
        name="Tander MVP"
        description="Creates mvp structure with di">
 
    <category value="Other"/>
 
    <parameter id="className"
        name="Functionality Name"
        type="string"
        constraints="class|unique|nonempty"
        default="Main"
        help="The name of the functionality that requires MVP views"/>

<parameter id="activityOrFragment"
	name="Activity Or Fragment"
	type="enum"
	default="Activity">
		<option id="Activity">Activity</option>
		<option id="Fragment">Fragment</option>
	</parameter>


<parameter
        id="layoutName"
        name="Layout Name"
        type="string"
        constraints="layout|nonempty|unique"
        suggest="${camelCaseToUnderscore(activityOrFragment)}_${classToResource(className)}"
        help="The name of the layout to create" />

 
    <globals file="globals.xml.ftl" />
    <execute file="recipe.xml.ftl" />
 
</template>
