<template format="4"
        revision="1"
        name="MVPDI for Kotlin"
        description="Creates mvp structure with di">
 
    <category value="Other"/>
 
    <parameter id="className"
        name="Functionality Name"
        type="string"
        constraints="class|unique|nonempty"
        default="Main"
        help="The name of the functionality that requires MVP views"/>

<parameter id="activityOrFragment"
	name="Activity Or Fragment"
	type="enum"
	default="Activity">
		<option id="Activity">Activity</option>
		<option id="Fragment">Fragment</option>
	</parameter>


<parameter
        id="layoutName"
        name="Layout Name"
        type="string"
        constraints="layout|nonempty|unique"
        suggest="${camelCaseToUnderscore(activityOrFragment)}_${classToResource(className)}"
        help="The name of the layout to create" />

<parameter 
	id="isAdapter" 
	name="С адаптером" 
	type="boolean" 
	default="false" 
	help="Создает вью с адаптером и RecyclerView"/>
	
<parameter
	id="needToCreateModel"
	name="Нужно ли создавать модель"
	visibility="isAdapter"
	type="boolean"
	default="false"/>

<parameter
	id="adapterItemPackage"
	name="Название пакета модели"
	visibility="isAdapter"
	type="string"
	default="entities"/>
	
<parameter
	id="adapterItem"
	name="Название модели"
	visibility="isAdapter"
	type="string"
	default="User"/>

 
    <globals file="globals.xml.ftl" />
    <execute file="recipe.xml.ftl" />
 
</template>
